Instance ID,Lambda,numSKU,numBinsPerLocation,numReplicate,Solver,Solve status,Objective,BestBound,Gap,NumOfNodes,SolveTime,TimeBestSol,TimeInstance,TimeSolve,TimeTotal,NumOfIterations,ConfigTimeLimit,ConfigCores,ConfigCeilingRounding,ConfigDebugInfo,ConfigMIPFeasibility,End
Instance1XS50_2_10,2,50,10,1,VGS(MIP),FEASIBLE_SOLUTION,178420.0,173834.3751952179,0.025701293603755726,152778,3610.0619999989867,3461.486486673355,22.887311935424805,3610.0907034873962,3632.978015422821,27189341,3600,MT,YCR,NDI,NF,Instance1XS50_2_10
Instance1XS50_2_10,2,50,10,1,SCP,Feasible,178076,59845,0.663936,138670719,3600.05,3163.8765664100647,6.056948661804199,3600.1466324329376,3606.203581094742,,3600,MT,YCR,NDI,NF,Instance1XS50_2_10
Instance2XS50_2_10,2,50,10,2,VGS(MIP),FEASIBLE_SOLUTION,239740.0,235826.16749728806,0.01632532119259173,175331,3613.2659999988973,3611.21524810791,23.578128576278687,3613.2933716773987,3636.8715002536774,31466351,3600,MT,YCR,NDI,NF,Instance2XS50_2_10
Instance2XS50_2_10,2,50,10,2,SCP,Feasible,239272,78222,0.673083,132867903,3600.03,925.8750014305115,5.9571943283081055,3600.1249701976776,3606.0821645259857,,3600,MT,YCR,NDI,NF,Instance2XS50_2_10
Instance3XS50_2_10,2,50,10,3,VGS(MIP),FEASIBLE_SOLUTION,182852.0,181190.54145345243,0.00908635698022208,177265,3608.625,1147.968337059021,23.359377145767212,3608.6558091640472,3632.0151863098145,29411771,3600,MT,YCR,NDI,NF,Instance3XS50_2_10
Instance3XS50_2_10,2,50,10,3,SCP,Feasible,182768,57879,0.68332,139113341,3600.05,1143.1250083446503,5.910820960998535,3600.1409499645233,3606.051770925522,,3600,MT,YCR,NDI,NF,Instance3XS50_2_10
Instance4XS50_2_10,2,50,10,4,VGS(MIP),FEASIBLE_SOLUTION,208768.0,203839.03709907667,0.023609762515918772,130257,3600.25,3551.2656078338623,23.625030279159546,3600.2968451976776,3623.921875476837,30515177,3600,MT,YCR,NDI,NF,Instance4XS50_2_10
Instance4XS50_2_10,2,50,10,4,SCP,Feasible,208488,72212,0.65364,129178468,3600.01,1987.7135617733002,5.722788333892822,3600.1041843891144,3605.826972723007,,3600,MT,YCR,NDI,NF,Instance4XS50_2_10
Instance5XS50_2_10,2,50,10,5,VGS(MIP),FEASIBLE_SOLUTION,243344.0,237480.66464730757,0.02409484249742106,120593,3600.8600000031292,3551.3124759197235,23.62502956390381,3600.9062201976776,3624.5312497615814,31844798,3600,MT,YCR,NDI,NF,Instance5XS50_2_10
Instance5XS50_2_10,2,50,10,5,SCP,Feasible,243124,81685,0.664019,130481636,3600.05,3518.1438941955566,6.00875449180603,3600.1438875198364,3606.1526420116425,,3600,MT,YCR,NDI,NF,Instance5XS50_2_10
Instance1XS50_3_10,3,50,10,1,VGS(MIP),FEASIBLE_SOLUTION,180220.0,170579.5725600019,0.0534925504383426,76038,3608.0159999988973,3605.7607550621033,33.90625,3608.0732464790344,3641.9794964790344,16216486,3600,MT,YCR,NDI,NF,Instance1XS50_3_10
Instance1XS50_3_10,3,50,10,1,SCP,Feasible,179372,76579,0.573072,121010382,3600.05,3337.867215156555,6.3069493770599365,3600.1484661102295,3606.4554154872894,,3600,MT,YCR,NDI,NF,Instance1XS50_3_10
Instance2XS50_3_10,3,50,10,2,VGS(MIP),FEASIBLE_SOLUTION,174744.0,165961.072502048,0.05026168279283986,93834,3600.5460000000894,3600.2968158721924,34.09374141693115,3600.578065633774,3634.671807050705,25657887,3600,MT,YCR,NDI,NF,Instance2XS50_3_10
Instance2XS50_3_10,3,50,10,2,SCP,Feasible,173640,68113,0.607734,119486198,3600.05,499.7500002384186,6.3537585735321045,3600.1562530994415,3606.5100116729736,,3600,MT,YCR,NDI,NF,Instance2XS50_3_10
Instance3XS50_3_10,3,50,10,3,VGS(MIP),FEASIBLE_SOLUTION,141308.0,133658.7050130645,0.054132073109346264,74696,3600.5309999994934,3600.171876192093,33.6875,3600.5781259536743,3634.2656259536743,31861294,3600,MT,YCR,NDI,NF,Instance3XS50_3_10
Instance3XS50_3_10,3,50,10,3,SCP,Feasible,140632,51965,0.63049,124804741,3600.05,2158.0110037326813,6.368384599685669,3600.1461963653564,3606.514580965042,,3600,MT,YCR,NDI,NF,Instance3XS50_3_10
Instance4XS50_3_10,3,50,10,4,VGS(MIP),FEASIBLE_SOLUTION,177504.0,164950.23630922148,0.0707238354672487,134027,3611.7190000005066,3608.7701461315155,33.50000214576721,3611.754524707794,3645.2545268535614,24705289,3600,MT,YCR,NDI,NF,Instance4XS50_3_10
Instance4XS50_3_10,3,50,10,4,SCP,Feasible,176424,80649,0.542868,123105086,3600.05,1749.390604019165,6.291317462921143,3600.1455895900726,3606.436907052994,,3600,MT,YCR,NDI,NF,Instance4XS50_3_10
Instance5XS50_3_10,3,50,10,5,VGS(MIP),FEASIBLE_SOLUTION,159972.0,152779.91647779182,0.0449583897320042,174448,3615.047000002116,3611.840309381485,33.656248331069946,3615.090310573578,3648.746558904648,22953035,3600,MT,YCR,NDI,NF,Instance5XS50_3_10
Instance5XS50_3_10,3,50,10,5,SCP,Feasible,158944,62406,0.607371,116978398,3600.05,1318.806386232376,6.329194784164429,3600.170933008194,3606.5001277923584,,3600,MT,YCR,NDI,NF,Instance5XS50_3_10
Instance1XS50_4_10,4,50,10,1,VGS(MIP),FEASIBLE_SOLUTION,154420.0,145792.71620919358,0.055868953443895995,79714,3601.34299999848,3525.680403470993,40.328124046325684,3601.414798974991,3641.7429230213165,25855364,3600,MT,YCR,NDI,NF,Instance1XS50_4_10
Instance1XS50_4_10,4,50,10,1,SCP,Feasible,153708,59321,0.614067,109118290,3600.06,2624.708705186844,6.503066301345825,3600.1618251800537,3606.6648914813995,,3600,MT,YCR,NDI,NF,Instance1XS50_4_10
Instance2XS50_4_10,4,50,10,2,VGS(MIP),FEASIBLE_SOLUTION,161460.0,150010.9013081646,0.07090981476424738,63978,3607.7809999994934,3605.2812452316284,40.81253361701965,3607.84374833107,3648.6562819480896,18414623,3600,MT,YCR,NDI,NF,Instance2XS50_4_10
Instance2XS50_4_10,4,50,10,2,SCP,Feasible,158956,68000,0.572209,108174598,3600.06,2973.6215312480927,6.595292329788208,3600.152753353119,3606.748045682907,,3600,MT,YCR,NDI,NF,Instance2XS50_4_10
Instance3XS50_4_10,4,50,10,3,VGS(MIP),FEASIBLE_SOLUTION,179804.0,168058.44266625794,0.0653242271236572,80063,3609.047000002116,3505.044936656952,41.31249928474426,3609.1074347496033,3650.4199340343475,16913421,3600,MT,YCR,NDI,NF,Instance3XS50_4_10
Instance3XS50_4_10,4,50,10,3,SCP,Feasible,177756,75141,0.57728,105013095,3600.06,2548.2020025253296,6.619446039199829,3600.1601424217224,3606.7795884609222,,3600,MT,YCR,NDI,NF,Instance3XS50_4_10
Instance4XS50_4_10,4,50,10,4,VGS(MIP),FEASIBLE_SOLUTION,152276.0,139858.21797451394,0.08154786063126197,60119,3607.9369999989867,3605.731185913086,40.90628099441528,3608.0124452114105,3648.918726205826,18496387,3600,MT,YCR,NDI,NF,Instance4XS50_4_10
Instance4XS50_4_10,4,50,10,4,SCP,Feasible,151340,62090,0.589732,109556826,3600.06,2610.5127584934235,6.509060621261597,3600.1531858444214,3606.662246465683,,3600,MT,YCR,NDI,NF,Instance4XS50_4_10
Instance5XS50_4_10,4,50,10,5,VGS(MIP),FEASIBLE_SOLUTION,175700.0,161152.75107580045,0.0827959528981192,75221,3608.515000000596,3606.2031257152557,40.40625023841858,3608.5780959129333,3648.984346151352,16214539,3600,MT,YCR,NDI,NF,Instance5XS50_4_10
Instance5XS50_4_10,4,50,10,5,SCP,Feasible,174044,82418,0.526453,106137672,3600.05,3364.7847707271576,6.619442462921143,3600.1441106796265,3606.7635531425476,,3600,MT,YCR,NDI,NF,Instance5XS50_4_10
Instance1XS100_2_20,2,100,20,1,VGS(MIP),FEASIBLE_SOLUTION,213664.0,209063.78609546405,0.021530130974501783,75200,3600.4210000000894,3600.1406242847443,51.73437452316284,3600.437502861023,3652.171877384186,20609618,3600,MT,YCR,NDI,NF,Instance1XS100_2_20
Instance1XS100_2_20,2,100,20,1,SCP,Feasible,213956,48877,0.771556,121046289,3600.06,2653.9010281562805,11.578693866729736,3600.176058292389,3611.7547521591187,,3600,MT,YCR,NDI,NF,Instance1XS100_2_20
Instance2XS100_2_20,2,100,20,2,VGS(MIP),FEASIBLE_SOLUTION,204136.0,198255.31628134332,0.028807675856569553,48856,3605.7190000005066,3535.4999737739563,51.60937261581421,3605.7812502384186,3657.390622854233,17299790,3600,MT,YCR,NDI,NF,Instance2XS100_2_20
Instance2XS100_2_20,2,100,20,2,SCP,Feasible,204160,47669,0.766512,117386862,3600.06,3589.5468406677246,11.610453844070435,3600.17187666893,3611.7823305130005,,3600,MT,YCR,NDI,NF,Instance2XS100_2_20
Instance3XS100_2_20,2,100,20,3,VGS(MIP),FEASIBLE_SOLUTION,196192.0,190823.30704968056,0.027364484537185197,56738,3600.047000002116,3317.673359155655,52.171905755996704,3600.0796089172363,3652.251514673233,17304765,3600,MT,YCR,NDI,NF,Instance3XS100_2_20
Instance3XS100_2_20,2,100,20,3,SCP,Feasible,196432,46265,0.764473,120433401,3600.06,2819.387936115265,11.819077968597412,3600.184844970703,3612.0039229393005,,3600,MT,YCR,NDI,NF,Instance3XS100_2_20
Instance4XS100_2_20,2,100,20,4,VGS(MIP),FEASIBLE_SOLUTION,233412.0,226653.07224999426,0.02895707054481232,52889,3600.2649999968708,3468.2961061000824,51.04687452316284,3600.2961087226868,3651.3429832458496,16764451,3600,MT,YCR,NDI,NF,Instance4XS100_2_20
Instance4XS100_2_20,2,100,20,4,SCP,Feasible,233196,55629,0.76145,114513312,3600.06,1906.5825397968292,11.510071992874146,3600.1763060092926,3611.6863780021667,,3600,MT,YCR,NDI,NF,Instance4XS100_2_20
Instance5XS100_2_20,2,100,20,5,VGS(MIP),FEASIBLE_SOLUTION,251896.0,245689.4306959296,0.024639411916308335,55462,3600.03200000152,3478.1562309265137,52.156280755996704,3600.062501192093,3652.2187819480896,19076359,3600,MT,YCR,NDI,NF,Instance5XS100_2_20
Instance5XS100_2_20,2,100,20,5,SCP,Feasible,251964,59481,0.763931,113194133,3600.05,1266.4696147441864,11.697568655014038,3600.1612179279327,3611.858786582947,,3600,MT,YCR,NDI,NF,Instance5XS100_2_20
Instance1XS100_3_20,3,100,20,1,VGS(MIP),FEASIBLE_SOLUTION,186300.0,172915.73849658348,0.07184252014716326,15183,3600.9380000010133,3600.2968456745148,75.71875238418579,3601.046874523163,3676.7656269073486,11377662,3600,MT,YCR,NDI,NF,Instance1XS100_3_20
Instance1XS100_3_20,3,100,20,1,SCP,Feasible,183820,49833,0.728903,106588305,3600.07,2916.8749618530273,13.552927494049072,3600.1783747673035,3613.7313022613525,,3600,MT,YCR,NDI,NF,Instance1XS100_3_20
Instance2XS100_3_20,3,100,20,2,VGS(MIP),FEASIBLE_SOLUTION,178068.0,165085.94765975123,0.07290502695739137,29488,3600.5630000010133,3537.718730211258,75.32815456390381,3600.6718752384186,3676.0000298023224,12471935,3600,MT,YCR,NDI,NF,Instance2XS100_3_20
Instance2XS100_3_20,3,100,20,2,SCP,Feasible,177068,49705,0.719289,104897755,3600.07,1037.9676146507263,13.172422409057617,3600.184492588043,3613.356914997101,,3600,MT,YCR,NDI,NF,Instance2XS100_3_20
Instance3XS100_3_20,3,100,20,3,VGS(MIP),FEASIBLE_SOLUTION,161536.0,150536.0327751231,0.06809607285606234,16904,3600.9539999999106,3543.290778398514,75.6406512260437,3602.4001681804657,3678.0408194065094,11393968,3600,MT,YCR,NDI,NF,Instance3XS100_3_20
Instance3XS100_3_20,3,100,20,3,SCP,Feasible,160312,45021,0.719166,108080665,3600.07,691.328097820282,13.338202714920044,3600.1960451602936,3613.5342478752136,,3600,MT,YCR,NDI,NF,Instance3XS100_3_20
Instance4XS100_3_20,3,100,20,4,VGS(MIP),FEASIBLE_SOLUTION,168036.0,155567.4215751935,0.07420182832730186,28807,3602.7340000011027,3395.7343575954437,75.81249117851257,3602.828125476837,3678.6406166553497,10924679,3600,MT,YCR,NDI,NF,Instance4XS100_3_20
Instance4XS100_3_20,3,100,20,4,SCP,Feasible,166560,46481,0.720935,103471558,3600.07,3400.7270324230194,13.100820302963257,3600.180154323578,3613.280974626541,,3600,MT,YCR,NDI,NF,Instance4XS100_3_20
Instance5XS100_3_20,3,100,20,5,VGS(MIP),FEASIBLE_SOLUTION,168080.0,155169.98696377032,0.07680874010131884,26604,3603.0,3602.0641553401947,75.28128719329834,3603.1110310554504,3678.392318248749,10518156,3600,MT,YCR,NDI,NF,Instance5XS100_3_20
Instance5XS100_3_20,3,100,20,5,SCP,Feasible,166868,46821,0.719413,107450406,3600.07,999.9047985076904,13.103790760040283,3600.1860449314117,3613.289835691452,,3600,MT,YCR,NDI,NF,Instance5XS100_3_20
Instance1XS100_4_20,4,100,20,1,VGS(MIP),FEASIBLE_SOLUTION,202696.0,173907.83105834966,0.14202632978277974,10537,3600.7809999994934,3600.316573858261,93.31249976158142,3600.9103240966797,3694.222823858261,9148363,3600,MT,YCR,NDI,NF,Instance1XS100_4_20
Instance1XS100_4_20,4,100,20,1,SCP,Feasible,191564,60489,0.684236,102708296,3600.07,2691.3750007152557,14.572509050369263,3600.19940161705,3614.7719106674194,,3600,MT,YCR,NDI,NF,Instance1XS100_4_20
Instance2XS100_4_20,4,100,20,2,VGS(MIP),FEASIBLE_SOLUTION,174048.0,157204.05810886627,0.09677756648242852,10069,3600.6869999989867,3587.5500049591064,90.46875143051147,3600.8156564235687,3691.28440785408,10584403,3600,MT,YCR,NDI,NF,Instance2XS100_4_20
Instance2XS100_4_20,4,100,20,2,SCP,Feasible,169784,50233,0.704136,103889603,3600.07,3413.325693130493,14.360442161560059,3600.200695514679,3614.561137676239,,3600,MT,YCR,NDI,NF,Instance2XS100_4_20
Instance3XS100_4_20,4,100,20,3,VGS(MIP),FEASIBLE_SOLUTION,186804.0,164966.31081491054,0.11690161444663631,20616,3601.0,3600.379956960678,93.84377932548523,3601.1299896240234,3694.9737689495087,10325804,3600,MT,YCR,NDI,NF,Instance3XS100_4_20
Instance3XS100_4_20,4,100,20,3,SCP,Feasible,181608,61461,0.661573,105267384,3600.07,1700.387367963791,14.582634210586548,3600.1910247802734,3614.77365899086,,3600,MT,YCR,NDI,NF,Instance3XS100_4_20
Instance4XS100_4_20,4,100,20,4,VGS(MIP),FEASIBLE_SOLUTION,185294.0,164305.9133212354,0.11326911113562554,12668,3600.6719999983907,3600.2030940055847,93.48440623283386,3600.7812197208405,3694.2656259536743,9813703,3600,MT,YCR,NDI,NF,Instance4XS100_4_20
Instance4XS100_4_20,4,100,20,4,SCP,Feasible,180288,54849,0.69577,99397164,3600.07,2842.192566394806,14.213195323944092,3600.201664209366,3614.41485953331,,3600,MT,YCR,NDI,NF,Instance4XS100_4_20
Instance5XS100_4_20,4,100,20,5,VGS(MIP),FEASIBLE_SOLUTION,178136.0,162679.21133409883,0.0867695955107399,16706,3600.6719999983907,3600.2187502384186,91.62499785423279,3600.7968759536743,3692.421873807907,10524088,3600,MT,YCR,NDI,NF,Instance5XS100_4_20
Instance5XS100_4_20,4,100,20,5,SCP,Feasible,176600,52449,0.703007,102813930,3600.07,3320.233095884323,14.305972814559937,3600.186192035675,3614.492164850235,,3600,MT,YCR,NDI,NF,Instance5XS100_4_20
Instance1XS200_2_20,2,200,20,1,VGS(MIP),FEASIBLE_SOLUTION,309540.0,276706.2277745975,0.1060727926129176,5515,3600.8119999989867,2207.1250007152557,119.4844024181366,3600.90625,3720.3906524181366,5934733,3600,MT,YCR,NDI,NF,Instance1XS200_2_20
Instance1XS200_2_20,2,200,20,1,SCP,Feasible,294648,76921,0.738939,92254691,3600.05,3179.1475200653076,26.943070650100708,3600.2205159664154,3627.163586616516,,3600,MT,YCR,NDI,NF,Instance1XS200_2_20
Instance2XS200_2_20,2,200,20,2,VGS(MIP),FEASIBLE_SOLUTION,304868.0,277428.4230615807,0.09000477891552837,6068,3600.7809999994934,1977.411559343338,120.57812356948853,3600.8694682121277,3721.447591781616,5581921,3600,MT,YCR,NDI,NF,Instance2XS200_2_20
Instance2XS200_2_20,2,200,20,2,SCP,Feasible,292804,72509,0.752363,92943005,3600.1,3541.495155096054,27.26620101928711,3600.260783433914,3627.5269844532013,,3600,MT,YCR,NDI,NF,Instance2XS200_2_20
Instance3XS200_2_20,2,200,20,3,VGS(MIP),FEASIBLE_SOLUTION,273980.0,255569.84010784936,0.06719526933407778,8048,3601.1410000026226,3600.499999523163,119.81249976158142,3601.218747138977,3721.0312469005585,5870680,3600,MT,YCR,NDI,NF,Instance3XS200_2_20
Instance3XS200_2_20,2,200,20,3,SCP,Feasible,268700,67909,0.747268,95096573,3600.09,2901.612177848816,27.38251566886902,3600.244464159012,3627.626979827881,,3600,MT,YCR,NDI,NF,Instance3XS200_2_20
Instance4XS200_2_20,2,200,20,4,VGS(MIP),FEASIBLE_SOLUTION,298196.0,275160.9185254371,0.0772481236319832,13742,3600.1869999989867,3149.218730688095,120.49999928474426,3600.2812218666077,3720.781221151352,8657560,3600,MT,YCR,NDI,NF,Instance4XS200_2_20
Instance4XS200_2_20,2,200,20,4,SCP,Feasible,289232,69921,0.758253,94048800,3600.09,3251.4687237739563,27.056944370269775,3600.2655975818634,3627.322541952133,,3600,MT,YCR,NDI,NF,Instance4XS200_2_20
Instance5XS200_2_20,2,200,20,5,VGS(MIP),FEASIBLE_SOLUTION,299768.0,266603.9566559412,0.11063236684388855,5128,3600.75,1876.4705531597137,120.93423199653625,3600.845545053482,3721.7797770500183,6739763,3600,MT,YCR,NDI,NF,Instance5XS200_2_20
Instance5XS200_2_20,2,200,20,5,SCP,Feasible,280572,71741,0.744304,94644229,3600.06,3078.620500802994,27.197593688964844,3600.2455036640167,3627.4430973529816,,3600,MT,YCR,NDI,NF,Instance5XS200_2_20
Instance1XS200_3_20,3,200,20,1,VGS(MIP),FEASIBLE_SOLUTION,292228.0,236221.66136028487,0.19165288281655116,2700,3601.8119999989867,3600.7787239551544,185.39062452316284,3601.9974739551544,3787.3880984783173,4820317,3600,MT,YCR,NDI,NF,Instance1XS200_3_20
Instance1XS200_3_20,3,200,20,1,SCP,Feasible,259288,70717,0.727265,67837257,3600.11,685.5312602519989,34.478787660598755,3600.331163406372,3634.809951066971,,3600,MT,YCR,NDI,NF,Instance1XS200_3_20
Instance2XS200_3_20,3,200,20,2,VGS(MIP),FEASIBLE_SOLUTION,302084.0,237469.2818922586,0.21389652582639726,1672,3601.5940000005066,3600.5239300727844,182.48440265655518,3601.773894548416,3784.2582972049713,4529819,3600,MT,YCR,NDI,NF,Instance2XS200_3_20
Instance2XS200_3_20,3,200,20,2,SCP,Feasible,266352,74545,0.720126,72405588,3600.13,1064.9844295978546,34.49438428878784,3600.340197324753,3634.8345816135406,,3600,MT,YCR,NDI,NF,Instance2XS200_3_20
Instance3XS200_3_20,3,200,20,3,VGS(MIP),FEASIBLE_SOLUTION,283510.0,229764.24464209215,0.1895726971108879,2977,3601.875,3600.8811411857605,184.1719024181366,3602.0530154705048,3786.2249178886414,9808329,3600,MT,YCR,NDI,NF,Instance3XS200_3_20
Instance3XS200_3_20,3,200,20,3,SCP,Feasible,255688,70937,0.722564,74378187,3600.11,1529.349953174591,34.78731179237366,3600.3191256523132,3635.106437444687,,3600,MT,YCR,NDI,NF,Instance3XS200_3_20
Instance4XS200_3_20,3,200,20,4,VGS(MIP),FEASIBLE_SOLUTION,312464.0,246084.65665069007,0.21243837161820212,2132,3601.547000002116,3600.4538400173187,182.453120470047,3601.7351202964783,3784.1882407665253,4547430,3600,MT,YCR,NDI,NF,Instance4XS200_3_20
Instance4XS200_3_20,3,200,20,4,SCP,Feasible,277672,82301,0.703604,71746082,3600.11,2169.1649627685547,34.882577419281006,3600.3308186531067,3635.2133960723877,,3600,MT,YCR,NDI,NF,Instance4XS200_3_20
Instance5XS200_3_20,3,200,20,5,VGS(MIP),FEASIBLE_SOLUTION,295472.0,230485.03850032756,0.21994287614282373,1357,3601.5619999989867,2343.187475204468,182.65625143051147,3601.765629053116,3784.4218804836273,5023719,3600,MT,YCR,NDI,NF,Instance5XS200_3_20
Instance5XS200_3_20,3,200,20,5,SCP,Feasible,256044,76929,0.699548,70354106,3600.11,715.906222820282,34.32207274436951,3600.3334906101227,3634.655563354492,,3600,MT,YCR,NDI,NF,Instance5XS200_3_20
Instance1XS200_4_20,4,200,20,1,VGS(MIP),FEASIBLE_SOLUTION,291160.0,216236.76236793664,0.2573266850943238,655,3601.827999997884,3284.609345436096,227.84331512451172,3602.0624902248383,3829.90580534935,4180227,3600,MT,YCR,NDI,NF,Instance1XS200_4_20
Instance1XS200_4_20,4,200,20,1,SCP,Feasible,251096,69937,0.721473,68186057,3600.19,866.359375,39.49444794654846,3600.426396369934,3639.9208443164825,,3600,MT,YCR,NDI,NF,Instance1XS200_4_20
Instance2XS200_4_20,4,200,20,2,VGS(MIP),FEASIBLE_SOLUTION,301839.0,221245.9081947427,0.26700688713273396,733,3602.202999997884,3601.027903318405,225.57812428474426,3602.418529510498,3827.9966537952423,4243280,3600,MT,YCR,NDI,NF,Instance2XS200_4_20
Instance2XS200_4_20,4,200,20,2,SCP,Feasible,257892,70333,0.727277,65933240,3600.13,2506.923972129822,39.041319847106934,3600.351773262024,3639.393093109131,,3600,MT,YCR,NDI,NF,Instance2XS200_4_20
Instance3XS200_4_20,4,200,20,3,VGS(MIP),FEASIBLE_SOLUTION,301239.0,218575.90598509996,0.27441033204498755,728,3602.0940000005066,2164.5804862976074,226.60937428474426,3602.283593893051,3828.8929681777954,4425353,3600,MT,YCR,NDI,NF,Instance3XS200_4_20
Instance3XS200_4_20,4,200,20,3,SCP,Feasible,249872,69125,0.723358,67360459,3600.12,1303.4977066516876,39.441073179244995,3600.3344860076904,3639.7755591869354,,3600,MT,YCR,NDI,NF,Instance3XS200_4_20
Instance4XS200_4_20,4,200,20,4,VGS(MIP),FEASIBLE_SOLUTION,283724.0,227901.24086576677,0.19675021899533776,949,3603.0789999999106,3602.0211379528046,232.4062476158142,3603.2711386680603,3835.6773862838745,4483263,3600,MT,YCR,NDI,NF,Instance4XS200_4_20
Instance4XS200_4_20,4,200,20,4,SCP,Feasible,257884,76529,0.703243,62324179,3600.17,1407.0624785423279,39.88506722450256,3600.4028413295746,3640.287908554077,,3600,MT,YCR,NDI,NF,Instance4XS200_4_20
Instance5XS200_4_20,4,200,20,5,VGS(MIP),FEASIBLE_SOLUTION,295574.0,224019.01758574092,0.24208821619715892,1055,3602.1719999983907,3600.745664358139,226.68752884864807,3602.4019401073456,3829.0894689559937,4913198,3600,MT,YCR,NDI,NF,Instance5XS200_4_20
Instance5XS200_4_20,4,200,20,5,SCP,Feasible,260380,72125,0.723001,62742177,3600.13,925.2187511920929,39.447585582733154,3600.357290506363,3639.804876089096,,3600,MT,YCR,NDI,NF,Instance5XS200_4_20
Instance1XS50_2_10,2,50,10,1,HYB,Feasible,182608,53949,0.704564,317354505,3600.1,3135.4989211559296,6.015624761581421,3600.373916387558,3606.3895411491394,,3600,MT,YCR,NDI,NF,Instance1XS50_2_10
Instance1XS50_2_10,2,50,10,1,VGS(CP),,,,,,,,,,,,3600,MT,YCR,NDI,NF,
Instance2XS50_2_10,2,50,10,2,HYB,Feasible,246344,70117,0.71537,298225078,3600.15,2957.15030002594,5.971764087677002,3600.500189781189,3606.471953868866,,3600,MT,YCR,NDI,NF,Instance2XS50_2_10
Instance2XS50_2_10,2,50,10,2,VGS(CP),,,,,,,,,,,,3600,MT,YCR,NDI,NF,
Instance3XS50_2_10,2,50,10,3,HYB,Feasible,187916,52109,0.722701,322182603,3600.15,3407.7968792915344,6.037789583206177,3600.48437666893,3606.5221662521362,,3600,MT,YCR,NDI,NF,Instance3XS50_2_10
Instance3XS50_2_10,2,50,10,3,VGS(CP),,,,,,,,,,,,3600,MT,YCR,NDI,NF,
Instance4XS50_2_10,2,50,10,4,HYB,Feasible,215996,64897,0.699545,298720167,3600.03,2907.0937197208405,5.943573713302612,3600.3817846775055,3606.325358390808,,3600,MT,YCR,NDI,NF,Instance4XS50_2_10
Instance4XS50_2_10,2,50,10,4,VGS(CP),,,,,,,,,,,,3600,MT,YCR,NDI,NF,
Instance5XS50_2_10,2,50,10,5,HYB,Feasible,248720,81685,0.671578,286365072,3600.03,3566.3756906986237,6.131083965301514,3600.813219308853,3606.9443032741547,,3600,MT,YCR,NDI,NF,Instance5XS50_2_10
Instance5XS50_2_10,2,50,10,5,VGS(CP),Feasible,251700,19401,0.92292,177572832,3600.84,3597.3515326976776,18.690070867538452,3612.0077826976776,3630.697853565216,,3600,MT,YCR,NDI,NF,Instance5XS50_2_10
Instance1XS50_3_10,3,50,10,1,HYB,Feasible,196780,68141,0.65372,239493521,3600.17,3435.7951288223267,6.429917335510254,3600.5295016765594,3606.9594190120697,,3600,MT,YCR,NDI,NF,Instance1XS50_3_10
Instance1XS50_3_10,3,50,10,1,VGS(CP),,,,,,,,,,,,3600,MT,YCR,NDI,NF,
Instance2XS50_3_10,3,50,10,2,HYB,Feasible,186368,68113,0.634524,222358957,3600.18,3012.993054151535,6.315067529678345,3600.5511503219604,3606.866217851639,,3600,MT,YCR,NDI,NF,Instance2XS50_3_10
Instance2XS50_3_10,3,50,10,2,VGS(CP),,,,,,,,,,,,3600,MT,YCR,NDI,NF,
Instance3XS50_3_10,3,50,10,3,HYB,Feasible,156648,46525,0.702997,260579960,3600.1,2099.2078619003296,6.299940347671509,3600.473484277725,3606.7734246253967,,3600,MT,YCR,NDI,NF,Instance3XS50_3_10
Instance3XS50_3_10,3,50,10,3,VGS(CP),,,,,,,,,,,,3600,MT,YCR,NDI,NF,
Instance4XS50_3_10,3,50,10,4,HYB,Feasible,192440,71601,0.627931,239089971,3600.17,3532.515600681305,6.4788172245025635,3600.531252861023,3607.0100700855255,,3600,MT,YCR,NDI,NF,Instance4XS50_3_10
Instance4XS50_3_10,3,50,10,4,VGS(CP),,,,,,,,,,,,3600,MT,YCR,NDI,NF,
Instance5XS50_3_10,3,50,10,5,HYB,Feasible,173148,55737,0.678096,250128669,3600.14,1879.8783423900604,6.366945266723633,3600.5345888137817,3606.9015340805054,,3600,MT,YCR,NDI,NF,Instance5XS50_3_10
Instance5XS50_3_10,3,50,10,5,VGS(CP),,,,,,,,,,,,3600,MT,YCR,NDI,NF,
Instance1XS50_4_10,4,50,10,1,HYB,Feasible,175188,59321,0.661387,208241888,3600.18,3551.79757976532,6.645180940628052,3600.5944509506226,3607.2396318912506,,3600,MT,YCR,NDI,NF,Instance1XS50_4_10
Instance1XS50_4_10,4,50,10,1,VGS(CP),,,,,,,,,,,,3600,MT,YCR,NDI,NF,
Instance2XS50_4_10,4,50,10,2,HYB,Feasible,172520,60281,0.650585,216278467,3600.17,3115.8475255966187,6.790789842605591,3600.566273212433,3607.3570630550385,,3600,MT,YCR,NDI,NF,Instance2XS50_4_10
Instance2XS50_4_10,4,50,10,2,VGS(CP),,,,,,,,,,,,3600,MT,YCR,NDI,NF,
Instance3XS50_4_10,4,50,10,3,HYB,Feasible,196904,75141,0.618388,214563639,3600.18,1190.4999768733978,6.798945903778076,3600.5680434703827,3607.3669893741608,,3600,MT,YCR,NDI,NF,Instance3XS50_4_10
Instance3XS50_4_10,4,50,10,3,VGS(CP),,,,,,,,,,,,3600,MT,YCR,NDI,NF,
Instance4XS50_4_10,4,50,10,4,HYB,Feasible,165968,55149,0.667713,220713525,3600.09,3215.0613992214203,6.775664329528809,3600.4759624004364,3607.251626729965,,3600,MT,YCR,NDI,NF,Instance4XS50_4_10
Instance4XS50_4_10,4,50,10,4,VGS(CP),,,,,,,,,,,,3600,MT,YCR,NDI,NF,
Instance5XS50_4_10,4,50,10,5,HYB,Feasible,193448,72881,0.623253,209030416,3600.18,2283.7449839115143,6.650694131851196,3601.8013195991516,3608.452013731003,,3600,MT,YCR,NDI,NF,Instance5XS50_4_10
Instance5XS50_4_10,4,50,10,5,VGS(CP),,,,,,,,,,,,3600,MT,YCR,NDI,NF,
Instance1XS100_2_20,2,100,20,1,HYB,Feasible,220808,48877,0.778645,234484161,3600.18,1709.667031288147,11.629011869430542,3600.5539910793304,3612.183002948761,,3600,MT,YCR,NDI,NF,Instance1XS100_2_20
Instance1XS100_2_20,2,100,20,1,VGS(CP),,,,,,,,,,,,3600,MT,YCR,NDI,NF,
Instance2XS100_2_20,2,100,20,2,HYB,Feasible,216736,47669,0.78006,237018988,3600.11,2188.3015604019165,11.947569370269775,3600.489057302475,3612.4366266727448,,3600,MT,YCR,NDI,NF,Instance2XS100_2_20
Instance2XS100_2_20,2,100,20,2,VGS(CP),,,,,,,,,,,,3600,MT,YCR,NDI,NF,
Instance3XS100_2_20,2,100,20,3,HYB,Feasible,213448,46265,0.783249,223831072,3600.1,2736.2157278060913,11.571045398712158,3600.487629890442,3612.058675289154,,3600,MT,YCR,NDI,NF,Instance3XS100_2_20
Instance3XS100_2_20,2,100,20,3,VGS(CP),,,,,,,,,,,,3600,MT,YCR,NDI,NF,
Instance4XS100_2_20,2,100,20,4,HYB,Feasible,264972,55629,0.790057,234984536,3600.18,2967.0957539081573,11.967054605484009,3600.5645282268524,3612.5315828323364,,3600,MT,YCR,NDI,NF,Instance4XS100_2_20
Instance4XS100_2_20,2,100,20,4,VGS(CP),,,,,,,,,,,,3600,MT,YCR,NDI,NF,
Instance5XS100_2_20,2,100,20,5,HYB,Feasible,266104,59481,0.776475,214230434,3600.03,3025.1249706745148,11.505573749542236,3600.4264929294586,3611.932066679001,,3600,MT,YCR,NDI,NF,Instance5XS100_2_20
Instance5XS100_2_20,2,100,20,5,VGS(CP),,,,,,,,,,,,3600,MT,YCR,NDI,NF,
Instance1XS100_3_20,3,100,20,1,HYB,Feasible,209780,49833,0.762451,171961965,3600.14,3249.47771525383,13.27319884300232,3600.571460008621,3613.8446588516235,,3600,MT,YCR,NDI,NF,Instance1XS100_3_20
Instance1XS100_3_20,3,100,20,1,VGS(CP),,,,,,,,,,,,3600,MT,YCR,NDI,NF,
Instance2XS100_3_20,3,100,20,2,HYB,Feasible,196668,49705,0.747264,168468083,3600.18,1244.2204253673553,13.338165283203125,3600.6037113666534,3613.9418766498566,,3600,MT,YCR,NDI,NF,Instance2XS100_3_20
Instance2XS100_3_20,3,100,20,2,VGS(CP),,,,,,,,,,,,3600,MT,YCR,NDI,NF,
Instance3XS100_3_20,3,100,20,3,HYB,Feasible,182660,45021,0.753526,183371076,3600.1,2099.4687213897705,13.35379409790039,3600.5361053943634,3613.889899492264,,3600,MT,YCR,NDI,NF,Instance3XS100_3_20
Instance3XS100_3_20,3,100,20,3,VGS(CP),,,,,,,,,,,,3600,MT,YCR,NDI,NF,
Instance4XS100_3_20,3,100,20,4,HYB,Feasible,195140,46481,0.761807,177535781,3600.02,2936.810317993164,13.275696992874146,3600.450971364975,3613.726668357849,,3600,MT,YCR,NDI,NF,Instance4XS100_3_20
Instance4XS100_3_20,3,100,20,4,VGS(CP),,,,,,,,,,,,3600,MT,YCR,NDI,NF,
Instance5XS100_3_20,3,100,20,5,HYB,Feasible,193996,46821,0.75865,179519523,3600.2,3517.9772374629974,13.219762563705444,3600.617887020111,3613.8376495838165,,3600,MT,YCR,NDI,NF,Instance5XS100_3_20
Instance5XS100_3_20,3,100,20,5,VGS(CP),,,,,,,,,,,,3600,MT,YCR,NDI,NF,
Instance1XS100_4_20,4,100,20,1,HYB,Feasible,215028,60489,0.718692,152097098,3600.09,2981.7867562770844,14.6172034740448,3600.5353236198425,3615.1525270938873,,3600,MT,YCR,NDI,NF,Instance1XS100_4_20
Instance1XS100_4_20,4,100,20,1,VGS(CP),,,,,,,,,,,,3600,MT,YCR,NDI,NF,
Instance2XS100_4_20,4,100,20,2,HYB,Feasible,200520,50233,0.749486,156247440,3600.21,1647.9687268733978,14.213200092315674,3600.656963825226,3614.8701639175415,,3600,MT,YCR,NDI,NF,Instance2XS100_4_20
Instance2XS100_4_20,4,100,20,2,VGS(CP),,,,,,,,,,,,3600,MT,YCR,NDI,NF,
Instance3XS100_4_20,4,100,20,3,HYB,Feasible,213704,61461,0.712401,154198750,3600.11,3516.3106985092163,14.431945562362671,3600.5451033115387,3614.9770488739014,,3600,MT,YCR,NDI,NF,Instance3XS100_4_20
Instance3XS100_4_20,4,100,20,3,VGS(CP),,,,,,,,,,,,3600,MT,YCR,NDI,NF,
Instance4XS100_4_20,4,100,20,4,HYB,Feasible,211096,54849,0.74017,152632056,3600.21,2214.834934949875,14.552447319030762,3600.6814336776733,3615.233880996704,,3600,MT,YCR,NDI,NF,Instance4XS100_4_20
Instance4XS100_4_20,4,100,20,4,VGS(CP),,,,,,,,,,,,3600,MT,YCR,NDI,NF,
Instance5XS100_4_20,4,100,20,5,HYB,Feasible,207360,52449,0.747063,153065098,3600.22,1500.729252576828,14.69151258468628,3600.974861383438,3615.6663739681244,,3600,MT,YCR,NDI,NF,Instance5XS100_4_20
Instance5XS100_4_20,4,100,20,5,VGS(CP),,,,,,,,,,,,3600,MT,YCR,NDI,NF,
Instance1XS200_2_20,2,200,20,1,HYB,Feasible,338260,76921,0.772598,109074752,3600.09,3555.925303220749,27.95749568939209,3600.6909589767456,3628.6484546661377,,3600,MT,YCR,NDI,NF,Instance1XS200_2_20
Instance1XS200_2_20,2,200,20,1,VGS(CP),,,,,,,,,,,,3600,MT,YCR,NDI,NF,
Instance2XS200_2_20,2,200,20,2,HYB,Feasible,348648,72509,0.792028,114999718,3600.25,1754.6249792575836,27.213191509246826,3600.8352389335632,3628.04843044281,,3600,MT,YCR,NDI,NF,Instance2XS200_2_20
Instance2XS200_2_20,2,200,20,2,VGS(CP),,,,,,,,,,,,3600,MT,YCR,NDI,NF,
Instance3XS200_2_20,2,200,20,3,HYB,Feasible,315544,67909,0.784788,115009462,3600.15,1816.0833268165588,27.02169895172119,3600.735538482666,3627.757237434387,,3600,MT,YCR,NDI,NF,Instance3XS200_2_20
Instance3XS200_2_20,2,200,20,3,VGS(CP),,,,,,,,,,,,3600,MT,YCR,NDI,NF,
Instance4XS200_2_20,2,200,20,4,HYB,Feasible,324416,69921,0.784471,110698420,3600.22,1298.204584121704,26.989415645599365,3600.8058817386627,3627.795297384262,,3600,MT,YCR,NDI,NF,Instance4XS200_2_20
Instance4XS200_2_20,2,200,20,4,VGS(CP),,,,,,,,,,,,3600,MT,YCR,NDI,NF,
Instance5XS200_2_20,2,200,20,5,HYB,Feasible,338840,71741,0.788275,109646072,3600.15,1792.8749768733978,27.552438020706177,3600.7306435108185,3628.2830815315247,,3600,MT,YCR,NDI,NF,Instance5XS200_2_20
Instance5XS200_2_20,2,200,20,5,VGS(CP),,,,,,,,,,,,3600,MT,YCR,NDI,NF,
Instance1XS200_3_20,3,200,20,1,HYB,Feasible,309308,70717,0.77137,69391071,3600.29,2116.0594234466553,35.08819341659546,3601.043796300888,3636.1319897174835,,3600,MT,YCR,NDI,NF,Instance1XS200_3_20
Instance1XS200_3_20,3,200,20,1,VGS(CP),,,,,,,,,,,,3600,MT,YCR,NDI,NF,
Instance2XS200_3_20,3,200,20,2,HYB,Feasible,323100,74545,0.769282,75829413,3600.34,2790.4861674308777,35.150697231292725,3601.158062696457,3636.3087599277496,,3600,MT,YCR,NDI,NF,Instance2XS200_3_20
Instance2XS200_3_20,3,200,20,2,VGS(CP),,,,,,,,,,,,3600,MT,YCR,NDI,NF,
Instance3XS200_3_20,3,200,20,3,HYB,Feasible,301480,70937,0.764704,70366137,3600.29,3523.0772297382355,34.666290044784546,3601.077228784561,3635.7435188293457,,3600,MT,YCR,NDI,NF,Instance3XS200_3_20
Instance3XS200_3_20,3,200,20,3,VGS(CP),,,,,,,,,,,,3600,MT,YCR,NDI,NF,
Instance4XS200_3_20,3,200,20,4,HYB,Feasible,352040,82301,0.766217,63855546,3600.28,3444.2852680683136,35.052934646606445,3601.05091881752,3636.1038534641266,,3600,MT,YCR,NDI,NF,Instance4XS200_3_20
Instance4XS200_3_20,3,200,20,4,VGS(CP),Feasible,807757,6801,0.99158,2494847,3600.61,458.7075414657593,148.4112904071808,3710.9498920440674,3859.361182451248,,3600,MT,YCR,NDI,NF,Instance4XS200_3_20
Instance5XS200_3_20,3,200,20,5,HYB,Feasible,374580,76929,0.794626,82315060,3600.41,3385.7566616535187,34.47183346748352,3601.162936449051,3635.6347699165344,,3600,MT,YCR,NDI,NF,Instance5XS200_3_20
Instance5XS200_3_20,3,200,20,5,VGS(CP),,,,,,,,,,,,3600,MT,YCR,NDI,NF,
Instance1XS200_4_20,4,200,20,1,HYB,Feasible,341292,69937,0.795082,68181237,3600.35,3592.6976902484894,39.70519828796387,3601.213341474533,3640.918539762497,,3600,MT,YCR,NDI,NF,Instance1XS200_4_20
Instance1XS200_4_20,4,200,20,1,VGS(CP),Feasible,645041,2800,0.995659,1938750,3600.82,2174.057556629181,185.04131865501404,3728.3075847625732,3913.3489034175873,,3600,MT,YCR,NDI,NF,Instance1XS200_4_20
Instance2XS200_4_20,4,200,20,2,HYB,Feasible,309416,70333,0.772691,69613516,3600.24,3384.751123189926,40.5455219745636,3601.110529899597,3641.6560518741608,,3600,MT,YCR,NDI,NF,Instance2XS200_4_20
Instance2XS200_4_20,4,200,20,2,VGS(CP),Feasible,533779,6401,0.988008,1926506,3601.3,3049.3029522895813,189.5100381374359,3731.6623277664185,3921.1723659038544,,3600,MT,YCR,NDI,NF,Instance2XS200_4_20
Instance3XS200_4_20,4,200,20,3,HYB,Feasible,314368,69125,0.780114,67168184,3600.36,3516.0971460342407,40.501062631607056,3601.22217130661,3641.723233938217,,3600,MT,YCR,NDI,NF,Instance3XS200_4_20
Instance3XS200_4_20,4,200,20,3,VGS(CP),Feasible,588632,5001,0.991504,1764844,3602.82,3024.7339339256287,189.22732043266296,3730.3432986736298,3919.5706191062927,,3600,MT,YCR,NDI,NF,Instance3XS200_4_20
Instance4XS200_4_20,4,200,20,4,HYB,Feasible,315128,76529,0.757149,67586532,3600.41,3006.5624775886536,40.01513409614563,3601.2580106258392,3641.273144721985,,3600,MT,YCR,NDI,NF,Instance4XS200_4_20
Instance4XS200_4_20,4,200,20,4,VGS(CP),Feasible,724241,10001,0.986191,1725718,3601.51,582.7779941558838,188.02566361427307,3735.085245370865,3923.110908985138,,3600,MT,YCR,NDI,NF,Instance4XS200_4_20
Instance5XS200_4_20,4,200,20,5,HYB,Feasible,313152,72125,0.769681,67807932,3600.42,2957.876811504364,39.696573972702026,3601.2602643966675,3640.9568383693695,,3600,MT,YCR,NDI,NF,Instance5XS200_4_20
Instance5XS200_4_20,4,200,20,5,VGS(CP),Unknown,,,,,,,189.75407528877258,3729.865245103836,3919.6193203926086,,3600,MT,YCR,NDI,NF,Instance5XS200_4_20
Instance1XS50_2_10,2,50,10,1,VGS(MIPOrig),FEASIBLE_SOLUTION,184368.0,141397.6252888049,0.233068508153232,2355,3603.1880000010133,3371.078775167465,30.073167085647583,3603.280416727066,3633.3535838127136,1790524,3600,MT,YCR,NDI,NF,Instance1XS50_2_10
Instance2XS50_2_10,2,50,10,2,VGS(MIPOrig),FEASIBLE_SOLUTION,247260.0,201591.49550513746,0.18469831147319635,1563,3600.4219999983907,3011.74707198143,29.79981517791748,3600.5028717517853,3630.3026869297028,1733671,3600,MT,YCR,NDI,NF,Instance2XS50_2_10
Instance3XS50_2_10,2,50,10,3,VGS(MIPOrig),FEASIBLE_SOLUTION,282448.0,147191.9877675841,0.4788704902580859,1642,3600.375,3600.197216272354,29.90344524383545,3600.4692039489746,3630.37264919281,1561964,3600,MT,YCR,NDI,NF,Instance3XS50_2_10
Instance4XS50_2_10,2,50,10,4,VGS(MIPOrig),FEASIBLE_SOLUTION,217200.0,169964.5872093023,0.2174742762002656,1075,3600.4690000005066,3600.3099241256714,30.75131583213806,3600.591197013855,3631.342512845993,1526159,3600,MT,YCR,NDI,NF,Instance4XS50_2_10
Instance5XS50_2_10,2,50,10,5,VGS(MIPOrig),FEASIBLE_SOLUTION,246296.0,204585.02325581378,0.16935304164170836,4822,3600.2350000031292,3546.9299743175507,29.97222661972046,3600.3476531505585,3630.319879770279,2356508,3600,MT,YCR,NDI,NF,Instance5XS50_2_10
Instance1XS50_3_10,3,50,10,1,VGS(MIPOrig),FEASIBLE_SOLUTION,258972.0,118120.39024390245,0.5438874077355756,52,3601.202999997884,3601.226734161377,45.81902599334717,3601.351734161377,3647.170760154724,760168,3600,MT,YCR,NDI,NF,Instance1XS50_3_10
Instance2XS50_3_10,3,50,10,2,VGS(MIPOrig),FEASIBLE_SOLUTION,247888.0,114400.08946993746,0.5385008977040538,121,3600.78200000152,3600.560378551483,45.53059649467468,3600.9509761333466,3646.4815726280212,963270,3600,MT,YCR,NDI,NF,Instance2XS50_3_10
Instance3XS50_3_10,3,50,10,3,VGS(MIPOrig),FEASIBLE_SOLUTION,306440.0,82266.45484949833,0.731541395217666,37,3600.78200000152,478.55280327796936,44.9423828125,3600.9450545310974,3645.8874373435974,720597,3600,MT,YCR,NDI,NF,Instance3XS50_3_10
Instance4XS50_3_10,3,50,10,4,VGS(MIPOrig),FEASIBLE_SOLUTION,269636.0,114276.0,0.5761841890548737,452,3600.6559999994934,3349.8029248714447,44.42751455307007,3600.838545560837,3645.266060113907,888554,3600,MT,YCR,NDI,NF,Instance4XS50_3_10
Instance5XS50_3_10,3,50,10,5,VGS(MIPOrig),FEASIBLE_SOLUTION,236002.0,102431.63025210085,0.5659713466322281,86,3601.46799999848,3192.6363439559937,45.161128282547,3601.622889518738,3646.784017801285,843734,3600,MT,YCR,NDI,NF,Instance5XS50_3_10
Instance1XS50_4_10,4,50,10,1,VGS(MIPOrig),FEASIBLE_SOLUTION,199784.0,84579.82801664354,0.576643635042628,91,3601.5,3601.2023684978485,55.14492082595825,3601.6867156028748,3656.831636428833,455159,3600,MT,YCR,NDI,NF,Instance1XS50_4_10
Instance2XS50_4_10,4,50,10,2,VGS(MIPOrig),FEASIBLE_SOLUTION,192312.0,88574.03131627421,0.5394253540274436,75,3601.5619999989867,1797.7004945278168,54.34233498573303,3601.741772413254,3656.084107398987,350460,3600,MT,YCR,NDI,NF,Instance2XS50_4_10
Instance3XS50_4_10,4,50,10,3,VGS(MIPOrig),FEASIBLE_SOLUTION,212772.0,104523.30775285322,0.5087544049364895,66,3601.609999999404,3601.472772836685,55.16927218437195,3601.800931930542,3656.970204114914,533065,3600,MT,YCR,NDI,NF,Instance3XS50_4_10
Instance4XS50_4_10,4,50,10,4,VGS(MIPOrig),FEASIBLE_SOLUTION,198996.0,78733.70700622299,0.604345278265779,34,3601.765000000596,3263.230605840683,55.622103691101074,3601.9560837745667,3657.5781874656677,325954,3600,MT,YCR,NDI,NF,Instance4XS50_4_10
Instance5XS50_4_10,4,50,10,5,VGS(MIPOrig),FEASIBLE_SOLUTION,212572.0,98112.12216183149,0.5384522789368706,166,3600.8130000010133,3252.4171118736267,54.843809604644775,3600.9792630672455,3655.8230726718903,491768,3600,MT,YCR,NDI,NF,Instance5XS50_4_10
Instance1XS100_2_20,2,100,20,1,VGS(MIPOrig),FEASIBLE_SOLUTION,487792.0,174644.08972352635,0.6419701640791025,191,3601.1559999994934,55.40701770782471,58.59574270248413,3601.3044719696045,3659.9002146720886,1195491,3600,MT,YCR,NDI,NF,Instance1XS100_2_20
Instance2XS100_2_20,2,100,20,2,VGS(MIPOrig),FEASIBLE_SOLUTION,363208.0,164242.8289172756,0.5477995283218551,126,3600.875,3600.5225098133087,59.55247235298157,3601.0068848133087,3660.5593571662903,1203932,3600,MT,YCR,NDI,NF,Instance2XS100_2_20
Instance3XS100_2_20,2,100,20,3,VGS(MIPOrig),FEASIBLE_SOLUTION,207096.0,156625.53760531332,0.24370563600787393,125,3600.8899999968708,3600.559738636017,58.895127296447754,3601.0216274261475,3659.916754722595,1245633,3600,MT,YCR,NDI,NF,Instance3XS100_2_20
Instance4XS100_2_20,2,100,20,4,VGS(MIPOrig),FEASIBLE_SOLUTION,239864.0,191856.74442421412,0.200143646298677,636,3600.8910000026226,3600.5437791347504,58.86079812049866,3601.050375699997,3659.9111738204956,1301447,3600,MT,YCR,NDI,NF,Instance4XS100_2_20
Instance5XS100_2_20,2,100,20,5,VGS(MIPOrig),FEASIBLE_SOLUTION,696352.0,211408.15070358367,0.6964061987276783,64,3600.9690000005066,54.04113578796387,58.880088329315186,3601.100325345993,3659.9804136753082,1394551,3600,MT,YCR,NDI,NF,Instance5XS100_2_20
Instance1XS100_3_20,3,100,20,1,VGS(MIPOrig),FEASIBLE_SOLUTION,520600.0,120229.83908045977,0.7690552457155976,26,3601.5469999983907,157.21279788017273,88.92809295654297,3601.7384622097015,3690.6665551662445,751339,3600,MT,YCR,NDI,NF,Instance1XS100_3_20
Instance2XS100_3_20,3,100,20,2,VGS(MIPOrig),FEASIBLE_SOLUTION,497940.0,111452.46341463413,0.7761729055415628,32,3601.2659999988973,199.56462025642395,89.06739616394043,3601.487069129944,3690.5544652938843,838637,3600,MT,YCR,NDI,NF,Instance2XS100_3_20
Instance3XS100_3_20,3,100,20,3,VGS(MIPOrig),FEASIBLE_SOLUTION,389308.0,97885.00371266612,0.7485666780218588,36,3601.3280000016093,188.8072371482849,89.19333744049072,3601.5348615646362,3690.728199005127,545231,3600,MT,YCR,NDI,NF,Instance3XS100_3_20
Instance4XS100_3_20,3,100,20,4,VGS(MIPOrig),FEASIBLE_SOLUTION,423160.0,101942.90558255602,0.7590913470494467,24,3601.2660000026226,161.9476602077484,89.81790614128113,3601.4660284519196,3691.2839345932007,639908,3600,MT,YCR,NDI,NF,Instance4XS100_3_20
Instance5XS100_3_20,3,100,20,5,VGS(MIPOrig),FEASIBLE_SOLUTION,445744.0,102048.25316455698,0.7710608484588529,24,3601.25,169.33221459388733,89.74527049064636,3602.727062702179,3692.4723331928253,620068,3600,MT,YCR,NDI,NF,Instance5XS100_3_20
Instance1XS100_4_20,4,100,20,1,VGS(MIPOrig),FEASIBLE_SOLUTION,701032.0,108594.8125885662,0.8450929307241805,26,3601.7659999988973,191.26508402824402,109.30059003829956,3602.053155183792,3711.3537452220917,505466,3600,MT,YCR,NDI,NF,Instance1XS100_4_20
Instance2XS100_4_20,4,100,20,2,VGS(MIPOrig),FEASIBLE_SOLUTION,500932.0,94271.99999999997,0.8118067921394518,20,3601.71799999848,140.49252820014954,108.61728954315186,3602.007669687271,3710.624959230423,407865,3600,MT,YCR,NDI,NF,Instance2XS100_4_20
Instance3XS100_4_20,4,100,20,3,VGS(MIPOrig),FEASIBLE_SOLUTION,712284.0,101441.18009712773,0.8575832391333684,22,3603.0460000000894,172.56558203697205,109.62718081474304,3603.359082698822,3712.986263513565,736072,3600,MT,YCR,NDI,NF,Instance3XS100_4_20
Instance4XS100_4_20,4,100,20,4,VGS(MIPOrig),FEASIBLE_SOLUTION,603500.0,100923.07514450868,0.8327703808707394,29,3601.7339999973774,269.78795099258423,105.7765691280365,3602.028384923935,3707.8049540519714,487802,3600,MT,YCR,NDI,NF,Instance4XS100_4_20
Instance5XS100_4_20,4,100,20,5,VGS(MIPOrig),FEASIBLE_SOLUTION,549552.0,99168.82090676752,0.819546064964248,17,3601.5630000010133,352.3696846961975,109.07231783866882,3601.843411207199,3710.915729045868,503605,3600,MT,YCR,NDI,NF,Instance5XS100_4_20
Instance1XS200_2_20,2,200,20,1,VGS(MIPOrig),FEASIBLE_SOLUTION,749692.0,208016.2097447515,0.722531106448046,11,3601.5,467.0697295665741,140.18690133094788,3601.8446431159973,3742.031544446945,258075,3600,MT,YCR,NDI,NF,Instance1XS200_2_20
Instance2XS200_2_20,2,200,20,2,VGS(MIPOrig),FEASIBLE_SOLUTION,701384.0,208504.60310157674,0.7027240383276824,4,3600.7969999983907,351.21039724349976,139.6331331729889,3601.134352207184,3740.7674853801727,135453,3600,MT,YCR,NDI,NF,Instance2XS200_2_20
Instance3XS200_2_20,2,200,20,3,VGS(MIPOrig),FEASIBLE_SOLUTION,334998.0,188020.89830508473,0.43874023634444154,29,3603.172000002116,884.2063553333282,141.03959560394287,3603.5234382152557,3744.5630338191986,424289,3600,MT,YCR,NDI,NF,Instance3XS200_2_20
Instance4XS200_2_20,2,200,20,4,VGS(MIPOrig),FEASIBLE_SOLUTION,633560.0,206522.06211976102,0.6740291967299686,7,3601.172000002116,630.32741522789,142.12929701805115,3601.525820493698,3743.6551175117493,219846,3600,MT,YCR,NDI,NF,Instance4XS200_2_20
Instance5XS200_2_20,2,200,20,5,VGS(MIPOrig),FEASIBLE_SOLUTION,673528.0,198593.75436302615,0.7051440261384438,26,3605.6869999989867,609.7204821109772,140.2585690021515,3606.042769908905,3746.3013389110565,246358,3600,MT,YCR,NDI,NF,Instance5XS200_2_20
Instance1XS200_3_20,3,200,20,1,VGS(MIPOrig),FEASIBLE_SOLUTION,663392.0,138706.26846744822,0.7909135647287753,20,3617.1409999988973,267.9169569015503,217.60301756858826,3617.689150094986,3835.292167663574,257423,3600,MT,YCR,NDI,NF,Instance1XS200_3_20
Instance2XS200_3_20,3,200,20,2,VGS(MIPOrig),FEASIBLE_SOLUTION,709972.0,139058.11320754717,0.8041357783017538,0,3613.5159999988973,240.90751910209656,215.74330234527588,3614.0695629119873,3829.812865257263,840,3600,MT,YCR,NDI,NF,Instance2XS200_3_20
Instance3XS200_3_20,3,200,20,3,VGS(MIPOrig),FEASIBLE_SOLUTION,632856.0,131896.140964493,0.7915858568702941,16,3605.0630000010133,302.608026266098,214.43153953552246,3605.6475806236267,3820.079120159149,259402,3600,MT,YCR,NDI,NF,Instance3XS200_3_20
Instance4XS200_3_20,3,200,20,4,VGS(MIPOrig),FEASIBLE_SOLUTION,870440.0,147160.2597838867,0.830935779853997,0,3603.75,200.95824003219604,219.33326315879822,3604.2575430870056,3823.590806245804,712,3600,MT,YCR,NDI,NF,Instance4XS200_3_20
Instance5XS200_3_20,3,200,20,5,VGS(MIPOrig),FEASIBLE_SOLUTION,755304.0,133222.46093749988,0.8236174296210532,0,3621.9690000005066,3178.597321510315,218.7031831741333,3622.4983348846436,3841.201518058777,256027,3600,MT,YCR,NDI,NF,Instance5XS200_3_20
Instance1XS200_4_20,4,200,20,1,VGS(MIPOrig),FEASIBLE_SOLUTION,614280.0,93298.0416164736,0.8481180542806641,0,3754.09299999848,456.3723158836365,270.5140538215637,3754.7978088855743,4025.311862707138,7113,3600,MT,YCR,NDI,NF,Instance1XS200_4_20
Instance2XS200_4_20,4,200,20,2,VGS(MIPOrig),FEASIBLE_SOLUTION,641880.0,98306.8517147117,0.846845435728311,0,3600.4219999983907,332.3384552001953,267.95933723449707,3601.110766172409,3869.070103406906,21545,3600,MT,YCR,NDI,NF,Instance2XS200_4_20
Instance3XS200_4_20,4,200,20,3,VGS(MIPOrig),FEASIBLE_SOLUTION,620812.0,96631.25659801593,0.8443469897521053,0,3603.1399999968708,557.5138864517212,267.71541953086853,3603.8580043315887,3871.5734238624573,719,3600,MT,YCR,NDI,NF,Instance3XS200_4_20
Instance4XS200_4_20,4,200,20,4,VGS(MIPOrig),FEASIBLE_SOLUTION,762016.0,105171.78279133151,0.8619821856872669,0,3600.4059999994934,398.5126647949219,266.366224527359,3601.0713033676147,3867.4375278949738,25053,3600,MT,YCR,NDI,NF,Instance4XS200_4_20
Instance5XS200_4_20,4,200,20,5,VGS(MIPOrig),FEASIBLE_SOLUTION,657300.0,100218.92905833194,0.8475293944038763,0,3773.1410000026226,393.4258849620819,266.6399395465851,3773.828611135483,4040.468550682068,12256,3600,MT,YCR,NDI,NF,Instance5XS200_4_20
Instance1XS25_2_10,2,25,10,1,HYB,Feasible,13516,7307,0.459381,627927812,900.027,98.81496715545654,0.7420327663421631,900.0759656429291,900.8179984092712,,3600,MT,YCR,NDI,NF,Instance1XS25_2_10
Instance1XS25_2_10,2,25,10,1,VGS(MIP),OPTIMAL_SOLUTION,13516.0,13516.0,0.0,5948,0.6570000015199184,0.4908270835876465,1.4419922828674316,0.6608254909515381,2.1028177738189697,59433,3600,MT,YCR,NDI,NF,Instance1XS25_2_10
Instance1XS25_2_10,2,25,10,1,SCP,Feasible,13516,7639,0.434818,671545453,900.016,3.0530006885528564,0.737999439239502,900.0499992370605,900.7879986763,,3600,MT,YCR,NDI,NF,Instance1XS25_2_10
Instance1XS25_2_10,2,25,10,1,VGS(CP),Feasible,13516,801,0.940737,497328378,900.012,43.22500205039978,1.2019989490509033,900.4490005970001,901.650999546051,,3600,MT,YCR,NDI,NF,Instance1XS25_2_10
Instance1XS25_3_10,3,25,10,1,HYB,Feasible,11720,7385,0.369881,443212870,900.028,37.053000926971436,0.8589992523193359,900.0780003070831,900.9369995594025,,3600,MT,YCR,NDI,NF,Instance1XS25_3_10
Instance1XS25_3_10,3,25,10,1,VGS(MIP),OPTIMAL_SOLUTION,11720.0,11720.0,0.0,49877,11.422000002115965,8.574413061141968,2.0229992866516113,11.428412675857544,13.451411962509155,1366226,3600,MT,YCR,NDI,NF,Instance1XS25_3_10
Instance1XS25_3_10,3,25,10,1,SCP,Feasible,11720,8044,0.313652,561903393,900.015,5.90299916267395,0.8530004024505615,900.0479981899261,900.9009985923767,,3600,MT,YCR,NDI,NF,Instance1XS25_3_10
Instance1XS25_3_10,3,25,10,1,VGS(CP),Feasible,11768,401,0.965925,347037222,900.01,60.071999311447144,1.6230010986328125,900.7000000476837,902.3230011463165,,3600,MT,YCR,NDI,NF,Instance1XS25_3_10
Instance1XS25_4_10,4,25,10,1,HYB,Feasible,11628,8968,0.228758,368579184,900.027,127.13496899604797,0.9691264629364014,900.0819666385651,901.0510931015015,,3600,MT,YCR,NDI,NF,Instance1XS25_4_10
Instance1XS25_4_10,4,25,10,1,VGS(MIP),OPTIMAL_SOLUTION,11628.0,11628.0,0.0,807513,697.0630000010133,380.2727472782135,2.383031129837036,697.0597755908966,699.4428067207336,44182842,3600,MT,YCR,NDI,NF,Instance1XS25_4_10
Instance1XS25_4_10,4,25,10,1,SCP,Feasible,11628,9165,0.211816,504182347,900.007,6.144002199172974,0.9089975357055664,900.0420002937317,900.9509978294373,,3600,MT,YCR,NDI,NF,Instance1XS25_4_10
Instance1XS25_4_10,4,25,10,1,VGS(CP),Feasible,11932,1201,0.899346,291135124,900.031,653.6040024757385,1.8829691410064697,900.8880016803741,902.7709708213806,,3600,MT,YCR,NDI,NF,Instance1XS25_4_10
Instance1XS50_2_10,2,50,10,1,VGS(MIP),FEASIBLE_SOLUTION,178372.0,172994.6942258906,0.030146580035596428,205346,3600.2969999983907,3600.069284915924,24.111321449279785,3600.3193378448486,3624.4306592941284,49570411,3600,MT,YCR,NDI,YF,Instance1XS50_2_10
Instance2XS50_2_10,2,50,10,2,VGS(MIP),FEASIBLE_SOLUTION,240136.0,234745.97245045923,0.022445728876723057,171299,3613.1880000010133,3612.086401462555,23.783842086791992,3614.430151939392,3638.213994026184,24477923,3600,MT,YCR,NDI,YF,Instance2XS50_2_10
Instance3XS50_2_10,2,50,10,3,VGS(MIP),FEASIBLE_SOLUTION,183096.0,179726.92136860677,0.018400612964746533,152720,3600.3909999988973,3263.485161781311,23.489221572875977,3600.4248340129852,3623.914055585861,45525510,3600,MT,YCR,NDI,YF,Instance3XS50_2_10
Instance4XS50_2_10,2,50,10,4,VGS(MIP),FEASIBLE_SOLUTION,209468.0,203232.75878806965,0.029767034639803434,151869,3600.2809999994934,3504.6113407611847,23.784714937210083,3600.3114936351776,3624.0962085723877,44126019,3600,MT,YCR,NDI,YF,Instance4XS50_2_10
Instance5XS50_2_10,2,50,10,5,VGS(MIP),FEASIBLE_SOLUTION,244020.0,236984.47131034444,0.0288317707141036,142252,3600.2969999983907,3305.421934604645,23.295313596725464,3600.3152532577515,3623.610566854477,39224838,3600,MT,YCR,NDI,YF,Instance5XS50_2_10
Instance1XS50_3_10,3,50,10,1,VGS(MIP),FEASIBLE_SOLUTION,181508.0,170214.42158303945,0.06222083002931299,102042,3610.4059999994934,3608.0425300598145,34.40570092201233,3610.480036497116,3644.8857374191284,17438061,3600,MT,YCR,NDI,YF,Instance1XS50_3_10
Instance2XS50_3_10,3,50,10,2,VGS(MIP),FEASIBLE_SOLUTION,174872.0,165367.05520319098,0.0543537261357394,120005,3601.422000002116,3534.984405517578,33.74222707748413,3601.471781730652,3635.214008808136,31331454,3600,MT,YCR,NDI,YF,Instance2XS50_3_10
Instance3XS50_3_10,3,50,10,3,VGS(MIP),FEASIBLE_SOLUTION,142956.0,133157.94784610116,0.06853893613348747,142102,3615.0940000005066,3611.598269224167,33.76221776008606,3615.1451539993286,3648.9073717594147,19048818,3600,MT,YCR,NDI,YF,Instance3XS50_3_10
Instance4XS50_3_10,3,50,10,4,VGS(MIP),FEASIBLE_SOLUTION,179084.0,164694.638532903,0.08034978818374063,112550,3611.15700000152,3608.2659981250763,33.686765909194946,3611.206571817398,3644.893337726593,12419805,3600,MT,YCR,NDI,YF,Instance4XS50_3_10
Instance5XS50_3_10,3,50,10,5,VGS(MIP),FEASIBLE_SOLUTION,161256.0,152430.1675456985,0.054731808145442644,84909,3611.75,3609.278044462204,33.614357471466064,3611.7936697006226,3645.4080271720886,10391891,3600,MT,YCR,NDI,YF,Instance5XS50_3_10
Instance1XS50_4_10,4,50,10,1,VGS(MIP),FEASIBLE_SOLUTION,154124.0,145630.54988296292,0.05510790089173052,136998,3605.7030000016093,3603.2118394374847,40.14715790748596,3605.743097305298,3645.890255212784,19426908,3600,MT,YCR,NDI,YF,Instance1XS50_4_10
Instance2XS50_4_10,4,50,10,2,VGS(MIP),FEASIBLE_SOLUTION,162028.0,149416.28258953214,0.07783665422314569,101743,3600.2660000026226,3598.9839799404144,40.84035873413086,3600.327752828598,3641.168111562729,33258929,3600,MT,YCR,NDI,YF,Instance2XS50_4_10
Instance3XS50_4_10,4,50,10,3,VGS(MIP),FEASIBLE_SOLUTION,180376.0,167786.93006677274,0.06979348656820895,121234,3613.0,3609.904565811157,40.60684418678284,3613.0920650959015,3653.6989092826843,15961944,3600,MT,YCR,NDI,YF,Instance3XS50_4_10
Instance4XS50_4_10,4,50,10,4,VGS(MIP),FEASIBLE_SOLUTION,153268.0,139806.937311315,0.08782696119662933,102724,3600.84299999848,3600.2570118904114,41.78070664405823,3600.882002592087,3642.662709236145,32716029,3600,MT,YCR,NDI,YF,Instance4XS50_4_10
Instance5XS50_4_10,4,50,10,5,VGS(MIP),FEASIBLE_SOLUTION,177028.0,160994.89497449432,0.09056818709755332,141292,3602.5149999968708,3600.511204957962,40.60509920120239,3602.558051109314,3643.1631503105164,22037140,3600,MT,YCR,NDI,YF,Instance5XS50_4_10
Instance1XS100_2_20,2,100,20,1,VGS(MIP),FEASIBLE_SOLUTION,213872.0,208617.382918429,0.024568980893108914,62957,3600.3130000010133,3429.4357244968414,50.426811933517456,3600.355820417404,3650.7826323509216,23138239,3600,MT,YCR,NDI,YF,Instance1XS100_2_20
Instance2XS100_2_20,2,100,20,2,VGS(MIP),FEASIBLE_SOLUTION,204212.0,198185.9641141279,0.029508725666817247,78324,3600.7039999999106,3600.3606312274933,51.62683606147766,3600.7544164657593,3652.381252527237,20516101,3600,MT,YCR,NDI,YF,Instance2XS100_2_20
Instance3XS100_2_20,2,100,20,3,VGS(MIP),FEASIBLE_SOLUTION,196144.0,190883.30905155456,0.026820555043465182,65150,3601.0160000026226,3600.4117288589478,51.49858379364014,3601.036717414856,3652.535301208496,24426035,3600,MT,YCR,NDI,YF,Instance3XS100_2_20
Instance4XS100_2_20,2,100,20,4,VGS(MIP),FEASIBLE_SOLUTION,233580.0,226531.03374854938,0.030177952955949213,96724,3600.375,3596.613339662552,50.5362765789032,3600.3945820331573,3650.9308586120605,21701909,3600,MT,YCR,NDI,YF,Instance4XS100_2_20
Instance5XS100_2_20,2,100,20,5,VGS(MIP),FEASIBLE_SOLUTION,252696.0,245597.05608968306,0.02809282264189754,67993,3600.5780000016093,3507.2600831985474,51.534637451171875,3600.605521440506,3652.140158891678,23770813,3600,MT,YCR,NDI,YF,Instance5XS100_2_20
Instance1XS100_3_20,3,100,20,1,VGS(MIP),FEASIBLE_SOLUTION,185416.0,172908.29455042296,0.06745753036187296,50242,3603.5630000010133,3600.094128847122,75.29609799385071,3603.6753799915314,3678.971477985382,15606540,3600,MT,YCR,NDI,YF,Instance1XS100_3_20
Instance2XS100_3_20,3,100,20,2,VGS(MIP),FEASIBLE_SOLUTION,179784.0,165049.0150726837,0.08195937862833348,54188,3605.327999997884,3603.6531829833984,74.58296132087708,3605.4500539302826,3680.0330152511597,15133170,3600,MT,YCR,NDI,YF,Instance2XS100_3_20
Instance3XS100_3_20,3,100,20,3,VGS(MIP),FEASIBLE_SOLUTION,163608.0,150550.4496048912,0.07980997503244817,28301,3600.609999999404,3600.17968416214,75.51458072662354,3600.7109382152557,3676.2255189418793,16230673,3600,MT,YCR,NDI,YF,Instance3XS100_3_20
Instance4XS100_3_20,3,100,20,4,VGS(MIP),FEASIBLE_SOLUTION,167304.0,155512.61289739018,0.07047881163994772,57996,3603.4690000005066,3602.284422636032,75.58176922798157,3603.5656731128693,3679.147442340851,13718816,3600,MT,YCR,NDI,YF,Instance4XS100_3_20
Instance5XS100_3_20,3,100,20,5,VGS(MIP),FEASIBLE_SOLUTION,169072.0,155090.61853195223,0.08269483692183069,59982,3607.297000002116,3590.351752281189,75.04548978805542,3607.4141013622284,3682.459591150284,14179582,3600,MT,YCR,NDI,YF,Instance5XS100_3_20
Instance1XS100_4_20,4,100,20,1,VGS(MIP),FEASIBLE_SOLUTION,198916.0,174023.48962280358,0.1251408151038449,30701,3600.875,3600.3602826595306,93.28376770019531,3601.0009343624115,3694.284702062607,21573364,3600,MT,YCR,NDI,YF,Instance1XS100_4_20
Instance3XS100_4_20,4,100,20,3,VGS(MIP),FEASIBLE_SOLUTION,186224.0,165290.97218742367,0.11240778746335767,45761,3601.0309999994934,3578.157515525818,92.34832334518433,3601.135440826416,3693.4837641716003,15806406,3600,MT,YCR,NDI,YF,Instance3XS100_4_20
Instance4XS100_4_20,4,100,20,4,VGS(MIP),FEASIBLE_SOLUTION,182383.0,164255.61350643417,0.09939186488634262,55418,3606.0309999994934,3603.9596745967865,92.36152124404907,3606.163505792618,3698.525027036667,15106764,3600,MT,YCR,NDI,YF,Instance4XS100_4_20
Instance5XS100_4_20,4,100,20,5,VGS(MIP),FEASIBLE_SOLUTION,178976.0,162790.1032019614,0.09043612997294936,27289,3600.6719999983907,3593.582334280014,90.86531090736389,3600.7821247577667,3691.6474356651306,19117376,3600,MT,YCR,NDI,YF,Instance5XS100_4_20
Instance1XS200_2_20,2,200,20,1,VGS(MIP),FEASIBLE_SOLUTION,306251.0,276633.8081917783,0.09670888195702765,6545,3601.015000000596,3600.4343099594116,118.70083999633789,3601.10618519783,3719.807025194168,13235930,3600,MT,YCR,NDI,YF,Instance1XS200_2_20
Instance2XS200_2_20,2,200,20,2,VGS(MIP),FEASIBLE_SOLUTION,300848.0,277361.6412061189,0.0780671927148629,8441,3600.7969999983907,3600.278532266617,117.74374794960022,3600.9035320281982,3718.6472799777985,8951041,3600,MT,YCR,NDI,YF,Instance2XS200_2_20
Instance3XS200_2_20,2,200,20,3,VGS(MIP),FEASIBLE_SOLUTION,272236.0,255306.9509501802,0.062185196115942726,25259,3605.6090000011027,3604.347981452942,118.43897485733032,3605.7073554992676,3724.146330356598,8946618,3600,MT,YCR,NDI,YF,Instance3XS200_2_20
Instance4XS200_2_20,2,200,20,4,VGS(MIP),FEASIBLE_SOLUTION,293640.0,275092.77801012795,0.06316313169143183,20316,3601.0469999983907,3600.5938832759857,122.02871823310852,3601.1407582759857,3723.1694765090942,11342118,3600,MT,YCR,NDI,YF,Instance4XS200_2_20
Instance5XS200_2_20,2,200,20,5,VGS(MIP),FEASIBLE_SOLUTION,302704.0,266539.0409395308,0.11947301344042088,6755,3600.8280000016093,3600.2288072109222,119.72340655326843,3600.9319367408752,3720.6553432941437,9388275,3600,MT,YCR,NDI,YF,Instance5XS200_2_20
Instance1XS200_3_20,3,200,20,1,VGS(MIP),FEASIBLE_SOLUTION,291474.0,236221.66136028487,0.18956180873668016,5021,3600.390000000596,3307.6683819293976,180.0624918937683,3600.5700855255127,3780.632577419281,5894450,3600,MT,YCR,NDI,YF,Instance1XS200_3_20
Instance2XS200_3_20,3,200,20,2,VGS(MIP),FEASIBLE_SOLUTION,300030.0,237470.8338824618,0.20850970275485178,2127,3601.5619999989867,3600.4498898983,181.05304956436157,3601.7311401367188,3782.7841897010803,5107882,3600,MT,YCR,NDI,YF,Instance2XS200_3_20
Instance3XS200_3_20,3,200,20,3,VGS(MIP),FEASIBLE_SOLUTION,391992.0,229766.4885591479,0.4138490363090371,5296,3601.2659999988973,2952.568737268448,181.21466207504272,3601.4547686576843,3782.669430732727,5827081,3600,MT,YCR,NDI,YF,Instance3XS200_3_20
Instance4XS200_3_20,3,200,20,4,VGS(MIP),FEASIBLE_SOLUTION,300460.0,246064.9057797627,0.18103938700737965,5102,3600.375,3187.1893672943115,180.61169934272766,3600.5579142570496,3781.169613599777,5341240,3600,MT,YCR,NDI,YF,Instance4XS200_3_20
Instance5XS200_3_20,3,200,20,5,VGS(MIP),FEASIBLE_SOLUTION,290248.0,230470.89441872283,0.2059518259601346,4131,3601.8280000016093,3488.3623015880585,181.3091311454773,3602.0245745182037,3783.333705663681,6129929,3600,MT,YCR,NDI,YF,Instance5XS200_3_20
Instance1XS200_4_20,4,200,20,1,VGS(MIP),FEASIBLE_SOLUTION,594304.0,216230.4076334982,0.6361619514028203,1018,3602.1869999989867,44.7208411693573,224.0317027568817,3602.433602809906,3826.4653055667877,4887440,3600,MT,YCR,NDI,YF,Instance1XS200_4_20
Instance2XS200_4_20,4,200,20,2,VGS(MIP),FEASIBLE_SOLUTION,602692.0,221227.07262502037,0.632935110097661,1186,3601.9840000011027,68.46107149124146,224.90436840057373,3602.183174133301,3827.0875425338745,4791170,3600,MT,YCR,NDI,YF,Instance2XS200_4_20
Instance3XS200_4_20,4,200,20,3,VGS(MIP),FEASIBLE_SOLUTION,309508.0,218525.84219380358,0.29395737042724707,1292,3602.202999997884,3600.8209974765778,222.96955490112305,3602.414717435837,3825.38427233696,5606375,3600,MT,YCR,NDI,YF,Instance3XS200_4_20
Instance4XS200_4_20,4,200,20,4,VGS(MIP),FEASIBLE_SOLUTION,489809.0,227784.83040804035,0.5349517252479223,1251,3602.140000000596,116.99696683883667,225.03517985343933,3602.3373799324036,3827.372559785843,4852019,3600,MT,YCR,NDI,YF,Instance4XS200_4_20
Instance5XS200_4_20,4,200,20,5,VGS(MIP),FEASIBLE_SOLUTION,339330.0,223984.05513242073,0.3399226265510837,1303,3602.0619999989867,3600.7567296028137,225.11883115768433,3602.2879498004913,3827.4067809581757,5166279,3600,MT,YCR,NDI,YF,Instance5XS200_4_20
Instance1XS300_2_40,2,300,40,1,SCP,Feasible,267228,78349,0.706808,115727623,3600.09,781.4386982917786,47.78128409385681,3600.375836610794,3648.157120704651,,3600,MT,YCR,NDI,NF,Instance1XS300_2_40
Instance1XS300_2_40,2,300,40,1,VGS(MIP),FEASIBLE_SOLUTION,270008.0,257743.62790697682,0.0454222544999525,7137,3601.9539999999106,3601.4376335144043,194.4217071533203,3602.0782628059387,3796.499969959259,5830394,3600,MT,YCR,NDI,NF,Instance1XS300_2_40
Instance2XS300_2_40,2,300,40,2,SCP,Feasible,299480,87953,0.706314,119781128,3600.12,1040.4634974002838,47.06252884864807,3600.3029849529266,3647.3655138015747,,3600,MT,YCR,NDI,NF,Instance2XS300_2_40
Instance2XS300_2_40,2,300,40,2,VGS(MIP),FEASIBLE_SOLUTION,308212.0,282830.39759648184,0.08235111677520068,5157,3602.2340000001714,2113.9972851276398,193.90627789497375,3602.3609912395477,3796.2672691345215,4190372,3600,MT,YCR,NDI,NF,Instance2XS300_2_40
Instance3XS300_2_40,2,300,40,3,SCP,Feasible,292972,81749,0.720967,116143069,3600.09,798.0781254768372,47.749999046325684,3600.2738213539124,3648.023820400238,,3600,MT,YCR,NDI,NF,Instance3XS300_2_40
Instance3XS300_2_40,2,300,40,3,VGS(MIP),FEASIBLE_SOLUTION,299240.0,281761.1428571427,0.058410831248687574,5063,3600.8590000001714,3600.5035305023193,193.3593761920929,3600.9879157543182,3794.347291946411,4368903,3600,MT,YCR,NDI,NF,Instance3XS300_2_40
Instance4XS300_2_40,2,300,40,4,SCP,Feasible,287104,80921,0.718147,126143736,3600.07,804.4693982601166,47.906251430511475,3600.2666149139404,3648.172866344452,,3600,MT,YCR,NDI,NF,Instance4XS300_2_40
Instance4XS300_2_40,2,300,40,4,VGS(MIP),FEASIBLE_SOLUTION,291532.0,275265.78671744827,0.05579563575371392,3597,3602.155999999959,3601.8016262054443,192.8750033378601,3602.3172538280487,3795.192257165909,12326115,3600,MT,YCR,NDI,NF,Instance4XS300_2_40
Instance5XS300_2_40,2,300,40,5,SCP,Feasible,261996,79737,0.695656,124503234,3600.1,2063.071353673935,46.656275510787964,3600.2844116687775,3646.9406871795654,,3600,MT,YCR,NDI,NF,Instance5XS300_2_40
Instance5XS300_2_40,2,300,40,5,VGS(MIP),FEASIBLE_SOLUTION,266654.0,251006.17740906184,0.058682122116818614,4994,3600.1719999997877,61.24999713897705,192.45315527915955,3600.312961578369,3792.7661168575287,4712105,3600,MT,YCR,NDI,NF,Instance5XS300_2_40
Instance1XS300_3_40,3,300,40,1,SCP,Feasible,222744,77961,0.649997,100683720,3600.11,542.2812323570251,64.23440265655518,3600.343571662903,3664.577974319458,,3600,MT,YCR,NDI,NF,Instance1XS300_3_40
Instance1XS300_3_40,3,300,40,1,VGS(MIP),FEASIBLE_SOLUTION,234720.0,204759.30544593622,0.12764440420102152,4296,3602.375,3601.6926984786987,298.515625,3602.7239265441895,3901.2395515441895,2839003,3600,MT,YCR,NDI,NF,Instance1XS300_3_40
Instance2XS300_3_40,3,300,40,2,SCP,Feasible,238536,79977,0.664717,97635142,3600.12,1048.4247233867645,64.67187905311584,3600.4227974414825,3665.0946764945984,,3600,MT,YCR,NDI,NF,Instance2XS300_3_40
Instance2XS300_3_40,3,300,40,2,VGS(MIP),FEASIBLE_SOLUTION,252087.0,217406.99535320976,0.13757157111152193,4906,3600.530999999959,2738.3281989097595,298.95312237739563,3600.8445768356323,3899.797699213028,2145188,3600,MT,YCR,NDI,NF,Instance2XS300_3_40
Instance3XS300_3_40,3,300,40,3,SCP,Feasible,237736,82757,0.651895,101832999,3600.11,516.5194158554077,64.57815623283386,3600.47642660141,3665.054582834244,,3600,MT,YCR,NDI,NF,Instance3XS300_3_40
Instance3XS300_3_40,3,300,40,3,VGS(MIP),FEASIBLE_SOLUTION,251768.0,214675.8601790249,0.1473266651082548,4257,3602.4220000002533,3602.0749883651733,295.6246473789215,3604.0438170433044,3899.668464422226,2635218,3600,MT,YCR,NDI,NF,Instance3XS300_3_40
Instance4XS300_3_40,3,300,40,4,SCP,Feasible,225052,78365,0.651792,99324824,3600.12,655.6406347751617,65.15624952316284,3600.4241349697113,3665.580384492874,,3600,MT,YCR,NDI,NF,Instance4XS300_3_40
Instance4XS300_3_40,3,300,40,4,VGS(MIP),FEASIBLE_SOLUTION,251792.0,205567.5977420308,0.18358169543897018,4698,3600.8279999997467,3029.677615880966,301.40625762939453,3601.1876714229584,3902.593929052353,2208123,3600,MT,YCR,NDI,NF,Instance4XS300_3_40
Instance5XS300_3_40,3,300,40,5,SCP,Feasible,218676,78925,0.639078,101218360,3600.12,774.9175715446472,66.2165174484253,3600.4144825935364,3666.6310000419617,,3600,MT,YCR,NDI,NF,Instance5XS300_3_40
Instance5XS300_3_40,3,300,40,5,VGS(MIP),FEASIBLE_SOLUTION,227516.0,199612.46891263992,0.12264425837022483,4196,3603.3589999997057,3476.4637973308563,300.9844090938568,3603.7298674583435,3904.7142765522003,2452386,3600,MT,YCR,NDI,NF,Instance5XS300_3_40
Instance1XS300_4_40,4,300,40,1,SCP,Feasible,231164,81753,0.646342,82590111,3600.14,460.8285939693451,76.74999952316284,3600.468567609787,3677.21856713295,,3600,MT,YCR,NDI,NF,Instance1XS300_4_40
Instance1XS300_4_40,4,300,40,1,VGS(MIP),FEASIBLE_SOLUTION,288592.0,208346.773877654,0.27805769433091,703,3604.8909999998286,3601.343881368637,362.5781533718109,3605.2815079689026,3967.8596613407135,1801179,3600,MT,YCR,NDI,NF,Instance1XS300_4_40
Instance2XS300_4_40,4,300,40,2,SCP,Feasible,228948,81141,0.645592,85493313,3600.13,559.8436136245728,76.12500429153442,3600.484501838684,3676.6095061302185,,3600,MT,YCR,NDI,NF,Instance2XS300_4_40
Instance2XS300_4_40,4,300,40,2,VGS(MIP),FEASIBLE_SOLUTION,306903.0,203338.21360691907,0.337451202474661,444,3604.4839999997057,2897.03013420105,367.6250021457672,3604.89524435997,3972.5202465057373,1372365,3600,MT,YCR,NDI,NF,Instance2XS300_4_40
Instance3XS300_4_40,4,300,40,3,SCP,Feasible,217896,78773,0.638483,84280735,3600.14,881.7027688026428,75.73437452316284,3600.5309908390045,3676.2653653621674,,3600,MT,YCR,NDI,NF,Instance3XS300_4_40
Instance3XS300_4_40,4,300,40,3,VGS(MIP),FEASIBLE_SOLUTION,280027.0,195569.9191550245,0.30160334840917297,836,3605.280999999959,3601.7828640937805,371.43749952316284,3605.7048075199127,3977.1423070430756,1543643,3600,MT,YCR,NDI,NF,Instance3XS300_4_40
Instance4XS300_4_40,4,300,40,4,SCP,Feasible,233680,80957,0.653556,82084164,3600.12,609.0438675880432,76.62498950958252,3600.4691202640533,3677.094109773636,,3600,MT,YCR,NDI,NF,Instance4XS300_4_40
Instance4XS300_4_40,4,300,40,4,VGS(MIP),FEASIBLE_SOLUTION,304111.0,209667.99188199683,0.3105543966446565,500,3604.9530000002123,3601.5056693553925,366.18750071525574,3605.36541056633,3971.5529112815857,1487691,3600,MT,YCR,NDI,NF,Instance4XS300_4_40
Instance5XS300_4_40,4,300,40,5,SCP,Feasible,224908,81369,0.638212,85556252,3600.1,388.53808331489563,76.17187190055847,3600.446769475937,3676.6186413764954,,3600,MT,YCR,NDI,NF,Instance5XS300_4_40
Instance5XS300_4_40,4,300,40,5,VGS(MIP),FEASIBLE_SOLUTION,472589.0,202183.74332578474,0.5721784820937753,534,3604.157000000123,488.32809925079346,368.7187490463257,3604.5651426315308,3973.2838916778564,1742584,3600,MT,YCR,NDI,NF,Instance5XS300_4_40
Instance1XS400_2_40,2,400,40,1,SCP,Feasible,310124,101757,0.671883,100270338,3600.13,591.6503999233246,77.19971561431885,3600.462468147278,3677.6621837615967,,3600,MT,YCR,NDI,NF,Instance1XS400_2_40
Instance1XS400_2_40,2,400,40,1,VGS(MIP),FEASIBLE_SOLUTION,337624.0,295737.6735532369,0.12406205259923202,2871,3603.1099999998696,3601.4422194957733,278.99441623687744,3603.5203437805176,3882.514760017395,1916259,3600,MT,YCR,NDI,NF,Instance1XS400_2_40
Instance2XS400_2_40,2,400,40,2,SCP,Feasible,294748,97569,0.668975,105227166,3600.12,552.3894317150116,75.60378837585449,3600.4602229595184,3676.064011335373,,3600,MT,YCR,NDI,NF,Instance2XS400_2_40
Instance2XS400_2_40,2,400,40,2,VGS(MIP),FEASIBLE_SOLUTION,303808.0,282000.0277584494,0.07178208684942666,3877,3604.2339999997057,3603.3691956996918,284.6915714740753,3604.71293759346,3889.4045090675354,2436356,3600,MT,YCR,NDI,NF,Instance2XS400_2_40
Instance3XS400_2_40,2,400,40,3,SCP,Feasible,299304,99169,0.668668,103486672,3600.12,798.8577654361725,77.61941337585449,3600.48285984993,3678.1022732257843,,3600,MT,YCR,NDI,NF,Instance3XS400_2_40
Instance3XS400_2_40,2,400,40,3,VGS(MIP),FEASIBLE_SOLUTION,310020.0,282202.2392134877,0.08972892325176529,2637,3603.125,3602.1885318756104,283.225821018219,3603.6260311603546,3886.8518521785736,1578294,3600,MT,YCR,NDI,NF,Instance3XS400_2_40
Instance4XS400_2_40,2,400,40,4,SCP,Feasible,276860,96177,0.652615,109048820,3600.14,533.0341875553131,77.11944270133972,3600.5428669452667,3677.6623096466064,,3600,MT,YCR,NDI,NF,Instance4XS400_2_40
Instance4XS400_2_40,2,400,40,4,VGS(MIP),FEASIBLE_SOLUTION,279592.0,262137.5196340414,0.0624283969711529,4307,3602.6719999997877,3601.813099384308,278.832724571228,3603.1411945819855,3881.9739191532135,2376904,3600,MT,YCR,NDI,NF,Instance4XS400_2_40
Instance5XS400_2_40,2,400,40,5,SCP,Feasible,303652,101765,0.664863,101434921,3600.12,781.9035894870758,76.18188524246216,3600.4957506656647,3676.677635908127,,3600,MT,YCR,NDI,NF,Instance5XS400_2_40
Instance5XS400_2_40,2,400,40,5,VGS(MIP),FEASIBLE_SOLUTION,321300.0,287284.0891190634,0.10586962614670585,3244,3603.1720000002533,3602.25780916214,280.02519392967224,3603.6484384536743,3883.6736323833466,2019785,3600,MT,YCR,NDI,NF,Instance5XS400_2_40
Instance1XS400_3_40,3,400,40,1,SCP,Feasible,276464,100137,0.637794,70234109,3600.16,572.059287071228,110.91229033470154,3600.5941894054413,3711.506479740143,,3600,MT,YCR,NDI,NF,Instance1XS400_3_40
Instance1XS400_3_40,3,400,40,1,VGS(MIP),FEASIBLE_SOLUTION,330757.0,250946.22427776043,0.24129731410745517,143,3605.6090000001714,575.1746015548706,436.3752202987671,3606.337323665619,4042.712543964386,968021,3600,MT,YCR,NDI,NF,Instance1XS400_3_40
Instance2XS400_3_40,3,400,40,2,SCP,Feasible,261732,98941,0.621976,68406555,3600.16,580.6212782859802,111.51667141914368,3600.5996861457825,3712.116357564926,,3600,MT,YCR,NDI,NF,Instance2XS400_3_40
Instance2XS400_3_40,3,400,40,2,VGS(MIP),FEASIBLE_SOLUTION,348852.0,236269.4351212848,0.32272300253034286,106,3609.063000000082,262.74549555778503,443.6709976196289,3609.8581414222717,4053.5291390419006,908083,3600,MT,YCR,NDI,NF,Instance2XS400_3_40
Instance3XS400_3_40,3,400,40,3,SCP,Feasible,277988,101553,0.634686,66690097,3600.21,899.9444932937622,111.171875,3601.8223028182983,3712.9941778182983,,3600,MT,YCR,NDI,NF,Instance3XS400_3_40
Instance3XS400_3_40,3,400,40,3,VGS(MIP),FEASIBLE_SOLUTION,410204.0,249756.52952338156,0.39114067750830905,126,3606.780999999959,612.0625009536743,443.1109354496002,3607.5634586811066,4050.674394130707,921362,3600,MT,YCR,NDI,NF,Instance3XS400_3_40
Instance4XS400_3_40,3,400,40,4,SCP,Feasible,276524,99553,0.639984,68160891,3600.17,860.3124778270721,111.75003433227539,3600.5649778842926,3712.315012216568,,3600,MT,YCR,NDI,NF,Instance4XS400_3_40
Instance4XS400_3_40,3,400,40,4,VGS(MIP),FEASIBLE_SOLUTION,346416.0,249317.556268076,0.2802943389795043,120,3607.063000000082,270.45316076278687,443.33551931381226,3607.8142030239105,4051.149722337723,897149,3600,MT,YCR,NDI,NF,Instance4XS400_3_40
Instance5XS400_3_40,3,400,40,5,SCP,Feasible,282136,104969,0.627949,69146484,3600.22,575.9642813205719,113.78127956390381,3600.630768060684,3714.412047624588,,3600,MT,YCR,NDI,NF,Instance5XS400_3_40
Instance5XS400_3_40,3,400,40,5,VGS(MIP),FEASIBLE_SOLUTION,323917.0,252963.32000434372,0.21904895388527384,259,3605.155999999959,3417.8646347522736,445.2812485694885,3605.927169084549,4051.2084176540375,1135564,3600,MT,YCR,NDI,NF,Instance5XS400_3_40
Instance1XS400_4_40,4,400,40,1,SCP,Feasible,281400,105589,0.624773,57863027,3600.17,642.2031941413879,136.85939478874207,3600.6099948883057,3737.4693896770477,,3600,MT,YCR,NDI,NF,Instance1XS400_4_40
Instance1XS400_4_40,4,400,40,1,VGS(MIP),FEASIBLE_SOLUTION,,,,,,,,,,,3600,MT,YCR,NDI,NF,
Instance2XS400_4_40,4,400,40,2,SCP,Feasible,281388,102553,0.635546,56754789,3600.19,627.9478120803833,137.84374952316284,3600.6320629119873,3738.47581243515,,3600,MT,YCR,NDI,NF,Instance2XS400_4_40
Instance2XS400_4_40,4,400,40,2,VGS(MIP),FEASIBLE_SOLUTION,,,,,,,,,,,3600,MT,YCR,NDI,NF,
Instance3XS400_4_40,4,400,40,3,SCP,Feasible,274856,101761,0.629766,56878592,3600.18,695.3906090259552,137.65625166893005,3600.63224196434,3738.2884936332703,,3600,MT,YCR,NDI,NF,Instance3XS400_4_40
Instance3XS400_4_40,4,400,40,3,VGS(MIP),FEASIBLE_SOLUTION,,,,,,,,,,,3600,MT,YCR,NDI,NF,
Instance4XS400_4_40,4,400,40,4,SCP,Feasible,280684,106353,0.621093,57520718,3600.18,686.5308895111084,137.45312476158142,3600.6249182224274,3738.078042984009,,3600,MT,YCR,NDI,NF,Instance4XS400_4_40
Instance4XS400_4_40,4,400,40,4,VGS(MIP),FEASIBLE_SOLUTION,,,,,,,,,,,3600,MT,YCR,NDI,NF,
Instance5XS400_4_40,4,400,40,5,SCP,Feasible,256620,98593,0.615802,59294550,3600.21,634.968213558197,138.18752932548523,3600.6592020988464,3738.8467314243317,,3600,MT,YCR,NDI,NF,Instance5XS400_4_40
Instance5XS400_4_40,4,400,40,5,VGS(MIP),FEASIBLE_SOLUTION,,,,,,,,,,,3600,MT,YCR,NDI,NF,


